Name,URL,Type,Topic (Majestic),Instant?,Free?,Dfficulty,Domain Authority (MOZ),Monthly traffic (Similarweb),Organic Traffic (Ahrefs),Top country (Similarweb),Country share (Similarweb),Majestic Trust Flow,Majestic Citation Flow
Created by Roman Vasilenko,https://romanvasilenko.co/,,,FALSE,FALSE,,,,,,,,
10words,http://10words.io,Newsletter,Health,FALSE,TRUE,Low,19,-,1,-,-,10,17
9sites,http://9sites.net/addurl.php,Directory,Business / Consumer Goods and Services,TRUE,TRUE,Low,30,-,-,-,-,17,29
Postscapes,http://about.postscapes.com/tools,Directory,Health / Addictions,TRUE,TRUE,Low,56,-,-,-,-,1,6
Startup Grind,http://about.startupgrind.com/membership,Community,Shopping / Children,FALSE,TRUE,Hard,65,-,35,-,-,16,39
ActiveSearchResults,http://activesearchresults.com/,Directory,Computers / Internet / Searching,TRUE,TRUE,Low,41,"50,000",-,India,28.69%,64,43
Addictive Tips ,http://addictivetips.com/tip-us/,Media,Computers / Software / Internet,FALSE,TRUE,Moderate,88,-,-,-,-,27,57
Add URL,http://addurl.nu/suggest-listing.php?cid=0,Directory,Regional / Europe,TRUE,TRUE,Low,36,-,-,-,-,28,42
All My Faves,http://allmyfaves.com/,Directory,Arts / Performing Arts,TRUE,TRUE,Low,58,"403,400",-,United States,84.68%,22,52
All Startups Info,http://allstartups.info/Startups/Submit,Directory,Health,TRUE,TRUE,Low,24,-,28,-,-,10,26
AllTop,http://alltop.com/,Directory,Arts / Illustration,TRUE,TRUE,Low,67,"175,750",14568,United States,39.11%,36,46
All Top Startups,http://alltopstartups.com/submit-startup/,Media,Computers / Software / Business,FALSE,FALSE,Moderate,51,"50,000",2429,United States,23.84%,19,39
Alpha Digits,http://alphadigits.com/,App Reviews,Society / Religion and Spirituality,FALSE,TRUE,Low,25,-,293,-,-,9,11
Alternative.me,http://alternative.me/how-to/submit-software/,Directory,Society / Politics,TRUE,TRUE,Low,46,"1,720,000",139375,United States,15.65%,18,44
AlternativeTo,http://alternativeto.net/,Directory,Computers / Internet / Searching,TRUE,TRUE,Low,87,-,823571,-,-,65,54
American Inno,http://americaninno.com/post-a-startup/,Directory,Business / Financial Services,FALSE,TRUE,Low,68,-,2,-,-,25,39
Amfibi,http://amfibi.com/,Directory,Computers / Internet / Searching,TRUE,TRUE,Low,48,-,-,-,-,49,40
Analyzo,http://analyzo.com/,Directory,Health,FALSE,TRUE,Moderate,25,-,-,-,-,10,34
Android Apps Review,http://androidappsreview.com/,App Reviews,Games / Video Games / Emulation,FALSE,TRUE,Moderate,32,-,130,-,-,24,15
Android Authority,http://androidauthority.com/,Media,Computers / Software / Operating Systems,FALSE,FALSE,Hard,91,-,-,-,-,57,67
Android Central,http://androidcentral.com/,Media,Computers / Software / Operating Systems,FALSE,FALSE,Hard,91,"6,750,000",-,United States,42.45%,57,61
AndroidGuys,http://androidguys.com/,App Reviews,Computers / Software / Operating Systems,FALSE,TRUE,Low,84,"464,270",45,United States,34.89%,50,53
AndroidPolice,http://androidpolice.com/,Media,Computers / Software / Operating Systems,FALSE,TRUE,Low,91,"7,210,000",-,United States,41.80%,32,58
Angel List,http://angel.co,Directory,Arts / Music,TRUE,TRUE,Low,87,"4,290,000",576511,United States,40.92%,45,51
Inn Mind,http://app.innmind.com/startups,Community,Recreation / Drugs,TRUE,TRUE,Low,38,-,388,-,-,8,25
AppAgg,http://appagg.com/,Directory,Computers / Programming / Languages,TRUE,TRUE,Low,52,"274,870",25292,Russia,12.81%,36,36
Appoid,http://appiod.com/submit-app-for-review/,App Reviews,Games / Video Games / Handheld Platforms,FALSE,TRUE,Low,15,-,75,-,-,6,22
Apple Insider Forum,http://appleinsider.com/,Forum,Computers / Companies,TRUE,TRUE,Low,89,-,876172,-,-,69,71
Appolicious,http://appolicious.com/contact-us/,App Reviews,Business / Financial Services,FALSE,TRUE,Low,62,-,1889,-,-,18,44
App Rater,http://apprater.net/add/,App Reviews,Computers / Internet / On the Web,FALSE,TRUE,Low,24,-,279,-,-,5,22
App Review Central,http://appreviewcentral.net/app-submission/,App Reviews,Games / Video Games / Emulation,FALSE,TRUE,Low,30,-,-,-,-,30,28
apps400.com,http://apps400.com/submit-your-application-for-review,App Reviews,Games / Video Games / Handheld Platforms,FALSE,FALSE,Low,31,-,322,-,-,19,31
App shopper,http://appshopper.com/,Directory,Arts / Comics,TRUE,TRUE,Low,71,"189,820",6959,Croatia,11.21%,23,48
Apps Listo,http://appslisto.com/submit-your-app,App Reviews,Recreation / Travel,FALSE,TRUE,Low,12,-,183,-,-,15,29
Apps Mamma,http://appsmamma.com/submit-your-app,App Reviews,Games / Video Games / Handheld Platforms,FALSE,TRUE,Low,13,-,26,-,-,6,24
Apps Mirror,http://appsmirror.com/submit-your-app-for-review,App Reviews,Games / Video Games / Handheld Platforms,FALSE,TRUE,Low,22,-,88,-,-,6,31
AppSpy,http://appspy.com/,App Reviews,Reference / Ask an Expert,FALSE,FALSE,Low,52,-,2,-,-,26,45
Apps Thunder,http://appsthunder.com/submit-your-app,App Reviews,Games / Video Games / Handheld Platforms,FALSE,TRUE,Low,16,-,9,-,-,6,24
AppSumo,http://appsumo.com/partners/apply/,Directory,Business / Small Business,FALSE,FALSE,Hard,59,"2,780,000",81297,United States,28.43%,24,51
Apps Zoom,http://appszoom.com/,Directory,Home / Consumer Information,FALSE,TRUE,Low,71,"61,880",-,-,-,44,38
Appy Smarts,http://appysmarts.com/,Directory,Computers / Internet / On the Web,FALSE,TRUE,Low,34,-,-,-,-,15,32
Arctic Startup,http://arcticstartup.com/,Media,Computers / Internet / Domain Names,FALSE,TRUE,Moderate,59,-,3229,-,-,16,39
Arstechnica,http://arstechnica.com/civis/,Forum,Computers / News and Media,TRUE,TRUE,Low,92,"15,470,000",1095882,United States,57.03%,74,73
ARS Technica,http://arstechnica.com/contact-us,Media,Computers / News and Media,FALSE,TRUE,Moderate,92,"15,470,000",1187323,United States,57.03%,74,73
Ask Your Android,http://askyourandroid.com/,App Reviews,Computers / Systems,FALSE,TRUE,Low,33,-,-,-,-,13,25
Boing Boing,http://bbs.boingboing.net/c/links/7,Forum,Arts / Literature,TRUE,TRUE,Low,89,-,11332,-,-,50,55
Behance,http://behance.net/,Community,Business / Opportunities,TRUE,TRUE,Low,92,-,317,-,-,77,77
Being Guru,http://beingguru.com/submit-startup/,Media,Computers / News and Media,FALSE,TRUE,Low,29,-,-,-,-,9,38
Best Apps For Kids,http://bestappsforkids.com/,App Reviews,Society / People,FALSE,FALSE,Low,52,-,-,-,-,20,45
The iPhone Mom,http://bestappsforkids.com/submit-your-app-for-review/,Media,Society / People,FALSE,FALSE,Moderate,52,-,-,-,-,20,45
Beta Bound,http://betabound.com/,Directory,Computers / Software / Software Engineering,TRUE,TRUE,Low,51,"151,030",-,United States,67.04%,23,36
Beta Bound,http://betabound.com/announce/,Directory,Computers / Software / Software Engineering,TRUE,TRUE,Low,51,"151,030",-,United States,67.04%,23,36
Betafy,http://betafy.co/easysignup/startup,Directory,Health,TRUE,TRUE,Low,30,-,6,-,-,10,23
betakit.com,http://betakit.com/tips/,Media,Computers / Internet / Organizations,FALSE,TRUE,Moderate,71,-,39483,-,-,25,52
betalist.com,http://betalist.com/,Directory,Computers / Internet,TRUE,TRUE,Low,61,-,9195,-,-,18,47
Beta Page,http://betapage.co/submit-startup,Directory,Reference / Education,TRUE,TRUE,Low,42,-,11219,-,-,13,32
BigStartups,http://bigstartups.co,Directory,Computers / Software / Business,TRUE,TRUE,Low,26,-,185,-,-,5,27
Bootstrappers,http://bootstrappers.io/,Directory,Society,TRUE,TRUE,Low,33,-,48,-,-,12,23
Business Software,http://business-software.com/add-your-product/,Directory,Reference / Knowledge Management,FALSE,TRUE,Low,43,-,-,-,-,18,42
Buy me a coffee,http://Buymeacoffee.com/,Other,Games / Video Games / Game Design,TRUE,TRUE,Low,61,"3,180,000",9709,United States,20.34%,43,60
Cabinet,http://cabinetm.com/information/martech,Directory,Computers / Software / Internet,TRUE,TRUE,Low,37,-,-,-,-,17,37
Capterra,http://capterra.com/vendors,Directory,Computers / Software / Directories,TRUE,TRUE,Low,72,"4,020,000",-,United States,43.81%,63,85
Capterra,http://capterra.com/vendors/sign-up,Directory,Computers / Software / Directories,TRUE,TRUE,Low,72,"4,020,000",-,United States,43.81%,63,85
Changelog,http://changelog.com/sponsor/pricing,Media,Computers / Open Source,FALSE,TRUE,Hard,52,"477,680",4768,United States,20.60%,35,47
Cipinet,http://cipinet.com/suggest.php?,Directory,Recreation / Outdoors,TRUE,TRUE,Low,33,-,177,-,-,23,27
Clutch,http://clutch.co/review,Directory,Computers / Internet / Web Design and Development,TRUE,TRUE,Low,64,"1,600,000",1057765,United States,22.31%,48,56
Coindoo,http://coindoo.com/submit-press-release/,Media,Science / Social Sciences,FALSE,TRUE,Moderate,44,"102,940",612,United States,26.34%,10,48
CoinScribble,http://coinscribble.com/contact/,Media,Computers / Internet / Web Design and Development,FALSE,TRUE,Moderate,31,-,632,-,-,11,14
Collaborizm,http://collaborizm.com/,Community,Society / Future,TRUE,TRUE,Low,37,-,-,-,-,5,28
Compara Software,http://comparasoftware.com/,Directory,Computers / Software / Project Management,TRUE,TRUE,Low,25,"126,880",17,Mexico,38.26%,18,35
Crazy About Startups,http://crazyaboutstartups.com/share-your-startup/,Directory,Reference / Education,TRUE,TRUE,Low,38,-,-,-,-,9,19
CrowdReviews,http://crowdreviews.com/,Directory,Computers / Software / Accounting,TRUE,TRUE,Low,45,-,-,-,-,29,44
Crozdesk Ltd,http://crozdesk.com/,Directory,Computers / Programming / Languages,TRUE,TRUE,Low,45,"157,460",50551,United States,18.21%,31,50
Cuspera,http://cuspera.com/,Directory,Computers / Software / Globalization,TRUE,TRUE,Low,19,-,15339,-,-,10,29
thenextweb.com,http://deals.thenextweb.com/,Directory,Computers / Systems,FALSE,TRUE,Hard,92,"75,670",298,United States,35.85%,25,56
Dang AI Tools,https://dang.ai,Directory,Computer / Internet / Orgizations,FALSE,TRUE,Low,34,"177,000",1100,United States,67.00%,15,28
Designer News,http://designernews.co,Community,Computers / Data Formats,TRUE,TRUE,Low,59,-,-,-,-,17,51
DEV,http://dev.to/,Community,Computers / Programming / Languages,TRUE,TRUE,Low,78,"13,440,000",658865,United States,12.15%,41,64
Dev Post,http://devpost.com/software,Directory,Business / Financial Services,TRUE,TRUE,Low,83,"678,860",45026,United States,30.41%,28,60
Digg,http://digg.com/,Media,Society / Subcultures,FALSE,FALSE,Hard,93,"6,230,000",520845,United States,66.64%,78,62
Digital Trends,http://digitaltrends.com/,Media,Home / Consumer Information,FALSE,FALSE,Hard,92,-,-,-,-,65,77
Dribbble,http://dribbble.com/,Community,Computers / Internet / On the Web,TRUE,TRUE,Low,92,"15,000,000",1345863,United States,11.88%,73,73
e27.sg,http://e27.co,Directory,Computers / Internet / Web Design and Development,TRUE,TRUE,Low,73,"237,600",37327,Singapore,20.19%,25,55
eBool,http://ebool.com/submit,Directory,Computers / E-Books,FALSE,FALSE,Low,25,"91,390",-,United States,18.02%,30,33
Engadget,http://engadget.com/,Media,Home / Consumer Information,FALSE,TRUE,Hard,93,"27,340,000",7215,Japan,37.12%,79,80
eu-startups.com,http://eu-startups.com/directory/?wpbdp_view=submit_listing,Directory,Science / Technology,TRUE,TRUE,Low,59,"405,260",-,United Kingdom,9.24%,24,52
Exact Seek,http://exactseek.com/add.html,Directory,Computers / Internet / Searching,TRUE,TRUE,Low,44,-,-,-,-,33,40
F6S,http://f6s.com/,Directory,Business / Small Business,TRUE,TRUE,Low,74,"787,470",1,United States,16.94%,29,53
FARK,http://fark.com/,Forum,News / Headline Links,TRUE,TRUE,Low,72,"7,200,000",153,United States,85.31%,64,47
Fastcompany,http://fastcompany.com/,Media,Business / E-Commerce,FALSE,FALSE,Hard,92,"7,040,000",3,United States,54.92%,53,64
Featuredcustomers,http://featuredcustomers.com/,Directory,Regional / North America,TRUE,TRUE,Low,47,"218,770",-,United States,41.36%,29,40
feedmyapp.com,http://feedmyapp.com/submit/,App Reviews,Computers / Internet,FALSE,FALSE,Low,44,-,873,-,-,18,39
Feedough,http://feedough.com/submit-your-startup/,Directory,Business / Marketing and Advertising,FALSE,TRUE,Moderate,46,"373,140",63540,India,17.16%,20,42
FinancesOnline,http://financesonline.com/,Directory,Computers / Internet / Web Design and Development,TRUE,TRUE,Low,70,-,75236,-,-,26,32
Fintech News,http://fintechnews.sg/submit-your-fintech-startup/,Directory,Business / Arts and Entertainment,FALSE,TRUE,Low,51,"132,060",9967,Singapore,23.36%,13,40
iLounge,http://forums.ilounge.com/,Forum,Computers / Hardware,TRUE,TRUE,Low,83,-,1737,-,-,27,39
The Register UK,http://forums.theregister.com/,Forum,Computers / News and Media,TRUE,TRUE,Low,90,"198,220",3332,United Kingdom,46.62%,39,52
Freeble,http://freeble.site,Directory,Business,TRUE,TRUE,Low,3,-,530,-,-,1,16
G2 Crowd,http://g2.com/products/new,Directory,Computers / Internet / On the Web,TRUE,TRUE,Low,71,-,-,-,-,56,59
Gadget Nutz,http://gadgetnutz.com/contact-us/,Media,Business / Arts and Entertainment,FALSE,TRUE,Moderate,30,-,481,-,-,18,31
GameSpot,http://gamespot.com/,Gaming,Games / Video Games / Cheats and Hints,TRUE,TRUE,Low,92,"74,100,000",-,United States,37.86%,73,74
GameZebo,http://gamezebo.com/get-reviewed/,Gaming,Arts / Animation,FALSE,TRUE,Hard,77,"295,560",1,United States,38.10%,26,45
Gartner,http://gartner.com/en/digital-markets/basic-listing,Directory,Business / Information Technology,FALSE,FALSE,,90,-,-,-,-,76,91
Geek Alerts,http://geekalerts.com/contact/,Media,Computers / Hacking,FALSE,TRUE,Moderate,71,"86,270",5494,United States,38.12%,15,51
Geek Wire,http://geekwire.com/startup-list/,Directory,Science / Technology,TRUE,TRUE,Low,88,-,-,-,-,40,45
Get App (Gartner),http://getapp.com/,Directory,Computers / Software / Accounting,TRUE,TRUE,Low,62,-,-,-,-,37,56
Makerlog,http://getmakerlog.com/,Community,Business / Arts and Entertainment,TRUE,TRUE,Low,34,-,28,-,-,15,33
Get Worm,http://getworm.com/submit-startup,Directory,Computers / Internet / On the Web,TRUE,TRUE,Low,29,-,31,-,-,5,14
The Changelog,http://github.com/thechangelog/ping,Media,Computers / Programming / Languages,FALSE,TRUE,Low,96,-,25832228,-,17.74%,96,95
Gizmodo,http://gizmodo.com/,Media,Home / Consumer Information,FALSE,FALSE,Hard,93,"19,800,000",200672,United States,59.18%,69,74
Glassdoor,http://glassdoor.com/,Directory,Business / Electronics and Electrical,TRUE,TRUE,Low,90,"51,430,000",8,United States,78.13%,66,65
Greatapps,http://greatapps.com/,App Reviews,Arts / Literature,TRUE,TRUE,Low,23,-,272,-,-,17,25
Growth Hackers,http://growthhackers.com/,Community,Computers / Internet / Web Design and Development,TRUE,TRUE,Low,66,"237,410",11651,India,14.31%,20,43
Growth Junkie,http://growthjunkie.com/add-a-listing/,Directory,Computers / Internet / On the Web,FALSE,TRUE,Low,12,-,534,-,-,10,16
Gust,http://gust.com/,Resources,Business / Financial Services,FALSE,FALSE,,75,"220,760",53618,United States,34.77%,31,52
Haro,http://helpareporter.com/sources/,Resources,Computers / Internet / Web Design and Development,FALSE,FALSE,,60,"129,350",-,United States,41.59%,23,46
Hot Scripts,http://hotscripts.com/,Directory,Computers / Programming / Internet,TRUE,TRUE,Low,58,"100,810",-,India,12.07%,70,53
Hot To Buy SaaS,http://howtobuysaas.com/,Directory,Arts / Literature,TRUE,TRUE,Low,29,-,20,-,-,9,34
Inc42,http://inc42.com/startup-submission/,Media,Reference / Maps,FALSE,TRUE,Low,76,"805,310",114320,India,80.03%,28,56
Index,http://index.co/startup,Directory,Society / Relationships,TRUE,TRUE,Low,57,"106,140",22470,United States,19.15%,18,43
Indie Game Reviewer,http://indiegamereviewer.com/contact-indie-game-reviewer/,Gaming,Computers / Hardware,FALSE,TRUE,Moderate,42,-,2097,-,-,16,28
Indie Hackers,http://indiehackers.com/,Community,Computers / Internet / On the Web,TRUE,TRUE,Low,54,"904,240",6,United States,15.59%,36,41
InfoWorld,http://infoworld.com/,Media,Business / Information Technology,FALSE,FALSE,Hard,87,-,-,-,-,69,60
Insur-Tech,http://insur-tech.com/submit/,Directory,Regional / Oceania,FALSE,TRUE,Low,13,-,212,-,-,4,23
iphone Life,http://iphonelife.com/,App Reviews,Computers / Systems,FALSE,TRUE,Moderate,58,"522,340",-,United States,56.15%,26,46
Joinly,http://joinly.xyz,Directory,Society / Politics,TRUE,TRUE,Low,13,-,-,-,-,3,14
Killer Startups,http://killerstartups.com/submit-startup/,Media,Computers / Internet,FALSE,TRUE,Low,56,-,102,-,-,26,41
Kotaku,http://kotaku.com/,Gaming,Home / Consumer Information,FALSE,TRUE,Moderate,92,-,1603488,-,-,50,69
Land-book,http://land-book.com/,Directory,News / Newspapers,TRUE,TRUE,Low,41,-,1681,-,-,16,35
LandingFolio,http://landingfolio.com/,Directory,Regional / Europe,FALSE,TRUE,Low,39,-,5459,-,-,15,34
Launched,http://launched.io/SubmitStartup,Directory,Health,FALSE,TRUE,Low,23,-,75,-,-,10,21
Launching Next,http://launchingnext.com/submit/,Directory,Society / Law,FALSE,TRUE,Low,42,-,1,-,-,12,34
Let's Venture,http://letsventure.com/join/startup,Directory,Business / Information Technology,TRUE,TRUE,Low,41,-,5551,-,-,18,30
Listly,http://list.ly/list/make,Directory,Society / People,TRUE,TRUE,Low,83,"383,740",95771,India,45.30%,23,50
Lobsters,http://lobste.rs/,Forum,Computers / Software / Operating Systems,TRUE,TRUE,Low,47,"301,790",634,United States,23.50%,31,52
Mactrast,http://mactrast.com/contact/,Media,Computers / Systems,FALSE,TRUE,Moderate,77,"51,290",-,United States,41.77%,22,28
Magnitt,http://magnitt.com/startups,Directory,Science / Social Sciences,FALSE,TRUE,Low,42,"67,550",5404,United Arab Emirates,16.53%,12,35
Makermove,http://makermove.com/,Directory,Computers / Internet / Web Design and Development,TRUE,FALSE,Low,17,-,-,-,-,5,13
MUO,http://makeuseof.com/,Media,Computers / Internet / On the Web,FALSE,FALSE,Hard,89,"12,850,000",-,United States,34.23%,36,46
Mashable,http://mashable.com/submit/,Media,Computers / Internet / News and Media,FALSE,TRUE,Hard,93,"11,350,000",3056788,United States,48.19%,73,77
Mod db,http://moddb.com/,Gaming,Games / Video Games / Shooter,TRUE,TRUE,Low,90,-,3,-,-,45,57
New-Startups,http://new-startups.com/,Media,Computers / Data Communications,FALSE,FALSE,Moderate,41,-,-,-,-,12,11
YCombinator,http://news.ycombinator.com/show,Community,Computers / Data Formats,TRUE,TRUE,Low,86,-,333801,-,-,50,66
Next Big Product,http://nextbigproduct.net/product-submission/,Media,Reference / Education,FALSE,FALSE,Low,22,-,25,-,-,6,24
Next Big What,http://nextbigwhat.com/submit-your-startup/,Media,Computers / Software / Desktop Customization,FALSE,TRUE,Low,56,"58,540",8483,India,58.10%,19,42
Oye Startups,http://oyestartups.com/contact,Media,Business / Textiles and Nonwovens,FALSE,TRUE,Moderate,12,-,54,-,-,11,23
Paggu,http://paggu.com/submit-your-startup/,Media,Arts / Music,FALSE,TRUE,Moderate,34,-,-,-,-,11,17
Pocket-lint,http://pocket-lint.com/,Media,Computers / News and Media,FALSE,FALSE,Hard,88,"7,190,000",-,United States,23.43%,26,62
PocketGamer,http://pocketgamer.com/pages/contact-us/,Gaming,Shopping / Consumer Electronics,FALSE,TRUE,Moderate,77,"1,470,000",-,United States,25.97%,36,65
Postmake,http://postmake.io/submit,Directory,Business / Construction and Maintenance,FALSE,FALSE,Low,19,-,35,-,-,6,27
Pressfarm,http://press.farm/,Service,Reference / Education,FALSE,FALSE,Moderate,64,-,1432,-,-,12,27
ProductHunt,http://producthunt.com/,Directory,Computers / Internet / On the Web,TRUE,TRUE,Low,89,"4,330,000",-,United States,22.11%,51,62
profithunt,http://profithunt.co,Directory,Society / People,TRUE,TRUE,Low,13,-,1,-,-,4,14
ProgrammableWeb,http://programmableweb.com/,Directory,Society / People,TRUE,TRUE,Low,79,-,-,-,-,4,14
Project Hatch,http://projecthatch.co/your-story/,Media,Business / Marketing and Advertising,FALSE,TRUE,Moderate,33,"120,480",-,United States,58.85%,15,31
Promote Project,http://promoteproject.com/,Directory,Science / Technology,TRUE,TRUE,Low,23,-,1,-,-,7,22
Readwrite,http://readwrite.com/,Media,Computers / Internet / News and Media,FALSE,FALSE,Moderate,87,"283,330",44459,United States,30.89%,64,55
Ready SaaS Go,http://readysaasgo.com/,Directory,Business / Small Business,FALSE,TRUE,Low,17,-,-,-,-,3,21
/r/AlphaandBetausers,http://reddit.com/r/alphaandbetausers/,Reddit,News,TRUE,TRUE,Low,91,"1,630,000,000",-,United States,48.38%,81,82
/r/Coupons,http://reddit.com/r/coupons/,Reddit,News,TRUE,TRUE,Low,91,"1,630,000,000",-,United States,48.38%,81,82
/r/Design_Critiques,http://reddit.com/r/design_critiques/,Reddit,News,TRUE,TRUE,Low,91,"1,630,000,000",-,United States,48.38%,81,82
Reddit Entrepreneurs,http://reddit.com/r/Entrepreneur/,Reddit,News,TRUE,TRUE,Low,91,"1,630,000,000",-,United States,48.38%,81,82
/r/EntrepreneurRideAlong,http://reddit.com/r/EntrepreneurRideAlong/,Reddit,News,TRUE,TRUE,Low,91,"1,630,000,000",-,United States,48.38%,81,82
r/gamedev – feedback Fridays,http://reddit.com/r/gamedev/,Reddit,News,TRUE,TRUE,Low,91,"1,630,000,000",-,United States,48.38%,81,82
/r/IMadeThis,http://reddit.com/r/imadethis,Reddit,News,TRUE,TRUE,Low,91,"1,630,000,000",-,United States,48.38%,81,82
/r/IndieBiz,http://reddit.com/r/indiebiz/,Reddit,News,TRUE,TRUE,Low,91,"1,630,000,000",-,United States,48.38%,81,82
r/javascript – filter by flair show off saturday,http://reddit.com/r/javascript/,Reddit,News,TRUE,TRUE,Low,91,"1,630,000,000",-,United States,48.38%,81,82
/r/LadyBusiness,http://reddit.com/r/ladybusiness/,Reddit,News,TRUE,TRUE,Low,91,"1,630,000,000",-,United States,48.38%,81,82
r/python – what’s everyone working on this week thread,http://reddit.com/r/Python/,Reddit,News,TRUE,TRUE,Low,91,"1,630,000,000",-,United States,48.38%,81,82
/r/RoastMyStartup,http://reddit.com/r/roastmystartup,Reddit,News,TRUE,TRUE,Low,91,"1,630,000,000",-,United States,48.38%,81,82
/r/ShamelessPlug,http://reddit.com/r/shamelessplug/,Reddit,News,TRUE,TRUE,Low,91,"1,630,000,000",-,United States,48.38%,81,82
reddit.com,http://reddit.com/r/SideProject/,Reddit,News,TRUE,TRUE,Low,91,"1,630,000,000",-,United States,48.38%,81,82
/r/SmallBusiness,http://reddit.com/r/smallbusiness/,Reddit,News,TRUE,TRUE,Low,91,"1,630,000,000",-,United States,48.38%,81,82
Reddit Startup,http://reddit.com/r/startups,Reddit,News,TRUE,TRUE,Low,91,"1,630,000,000",-,United States,48.38%,81,82
r/web_dev – show off Saturdays,http://reddit.com/r/webdev/,Reddit,News,TRUE,TRUE,Low,91,"1,630,000,000",-,United States,48.38%,81,82
Red Ferret,http://redferret.net/?page_id=36036,Media,Society / People,FALSE,TRUE,Moderate,61,-,1024,-,-,39,39
Remote Tools,http://remote.tools/,Directory,Computers / Data Formats,TRUE,TRUE,Low,36,"106,910",-,United States,21.72%,13,39
Romanian Startups,http://romanianstartups.com/,Directory,Society / Government,TRUE,TRUE,Low,36,-,-,-,-,16,32
SaaS Directory,http://saasdirectory.com/,Directory,Society / Activism,TRUE,TRUE,Low,11,-,-,-,-,5,23
SaaS Genius,http://saasgenius.com/free-listing,Directory,Computers / Internet,TRUE,TRUE,Low,39,-,-,-,-,18,37
Saas Hub,http://saashub.com/,Directory,Computers / Software / Accounting,TRUE,TRUE,Low,30,"1,080,000",-,United States,16.66%,25,30
Saasified,http://saasified.co,Directory,"Top Topic,",TRUE,TRUE,Low,8,-,20,-,-,0,15
SaaSworthy,http://saasworthy.com/,Directory,Home / Personal Finance,FALSE,TRUE,Low,34,-,7,-,-,24,40
Serchen,http://serchen.com/get-listed/,Directory,Computers / Internet / Web Design and Development,TRUE,TRUE,Low,52,-,-,-,-,28,47
Sidebar,http://sidebar.io/,Community,Reference / Museums,TRUE,TRUE,Low,47,-,1702,-,-,17,38
Side Projectors,http://sideprojectors.com/,Community,Shopping,TRUE,TRUE,Low,39,-,-,-,-,14,31
SideProjects,http://sideprojects.net/,Community,Computers / News and Media,TRUE,TRUE,Low,22,-,-,-,-,4,14
Silicon Angle,http://siliconangle.com/,Media,Business / Financial Services,FALSE,TRUE,Moderate,82,-,48598,-,-,29,42
SimilarSiteSearch,http://similarsitesearch.com/webmaster/,Directory,Computers / Internet / Searching,TRUE,TRUE,Low,47,-,-,-,-,52,37
SiteJabber,http://sitejabber.com/,Directory,Computers / Graphics,FALSE,TRUE,Low,71,"2,320,000",1476964,United States,61.75%,42,48
Slant,http://slant.co,Directory,Computers / Data Formats,TRUE,TRUE,Low,56,"2,490,000",-,United States,22.61%,26,35
Slashdot,http://slashdot.org/,Community,Computers / News and Media,TRUE,TRUE,Low,91,"3,580,000",49481,United States,59.81%,63,53
Smart Money Match,http://smartmoneymatch.com/,Directory,Arts / Movies,TRUE,TRUE,Low,29,-,4314,-,-,20,34
Software Advice,http://softwareadvice.com/software-vendors/,Directory,Computers / Internet,FALSE,FALSE,Moderate,67,"1,270,000",-,United States,46.43%,38,69
Software Suggest,http://softwaresuggest.com/vendors,Directory,Computers / Software / ERP,FALSE,TRUE,Low,47,-,4,-,-,23,39
SoftwareWorld,http://softwareworld.co,Directory,Computers / Internet,FALSE,TRUE,Low,38,"125,880",-,United States,18.50%,28,41
SoftwareWorld,http://softwareworld.co/,Directory,Computers / Internet,FALSE,TRUE,Low,38,"125,880",38959,United States,18.50%,28,41
SourceForge,http://sourceforge.net/user/registration?,Directory,Computers / Programming / Languages,TRUE,TRUE,Low,93,"26,220,000",5037152,United States,12.22%,89,66
Spectacle,http://spectacle.is/submit,Directory,Arts,TRUE,TRUE,Low,28,-,138,-,-,11,29
Spoke,http://spoke.com/companies/new,Directory,Computers / Software / Marketing,TRUE,TRUE,Low,58,"114,320",-,United States,28.63%,51,37
SpringWise,http://springwise.com/spotted/,Media,News / Breaking News,FALSE,TRUE,Moderate,70,"224,550",-,United States,16.22%,23,50
StackShare,http://stackshare.io/submit,Directory,Computers / Internet / Web Design and Development,FALSE,TRUE,Low,56,-,136603,-,-,25,50
Starter Story,http://starterstory.com/,Community,Society / Organizations,FALSE,TRUE,Low,45,"887,160",-,United States,33.86%,22,42
Startup88,http://startup88.com/,Directory,Computers / Internet / News and Media,FALSE,TRUE,Moderate,34,-,583,-,-,7,29
Startup Base,http://startupbase.io/submit,Directory,Health,TRUE,TRUE,Low,20,-,29,-,-,10,22
StartupBlink,http://startupblink.com/,Directory,Health / Conditions and Diseases,TRUE,TRUE,Low,49,-,-,-,-,20,32
Startup Buffer,http://startupbuffer.com/site/submit,Directory,Computers / Software / Accounting,FALSE,TRUE,Low,39,-,633,-,-,11,31
The Startup Button,http://startupbutton.com/submit/,Directory,Arts / Movies,FALSE,TRUE,Low,25,-,-,-,-,2,17
Startup Collections,http://startupcollections.com/,Directory,Business / Marketing and Advertising,FALSE,TRUE,Low,33,-,296,-,-,5,23
StartupCosts,http://startupcosts.co/add,Directory,Computers / Internet / On the Web,TRUE,TRUE,Low,19,-,84,-,-,4,22
Startup Deals,http://startupdeals.tech/,Directory,Computers / Internet / On the Web,FALSE,TRUE,Low,4,-,-,-,-,15,18
Startup Europe,http://startupeurope.net/,Directory,Health,TRUE,TRUE,Low,10,-,1,-,-,10,18
StartupFounders,http://startupfounders.com.au,Media,Business,FALSE,TRUE,Moderate,7,-,90,-,-,4,8
Startup Guys,http://startupguys.net/submit-startup/,Media,Arts / Music,FALSE,TRUE,Moderate,41,"70,890",-,India,26.64%,14,37
Start Up Inspire,http://startupinspire.com/startups,Directory,Computers / Internet / Web Design and Development,TRUE,TRUE,Low,24,-,-,-,-,13,26
startuplift.com,http://startuplift.com/submit-your-startup/,Media,Business / Directories,FALSE,TRUE,Low,37,-,3236,-,-,15,38
Startup Lister,http://startuplister.com/,Directory,Health,TRUE,TRUE,Low,37,-,30,-,-,9,20
Startup Ranking,http://startupranking.com/,Directory,Reference / Education,TRUE,TRUE,Low,51,"175,200",-,India,13.91%,18,29
Start up Roulette,http://startuproulette.com/,Directory,Health,FALSE,TRUE,Low,10,-,1,-,-,10,21
StartupsUK,http://startups.co.uk,Media,Business / Small Business,FALSE,FALSE,,72,-,32795,-,-,55,49
Snapmunk,http://startups.snapmunk.com/join,Directory,Recreation / Travel,TRUE,TRUE,Low,49,-,10,-,-,17,30
Startups Watch,http://startups.watch/startups/new,Directory,Science / Social Sciences,TRUE,TRUE,Low,30,-,167,-,-,11,23
Startups Galaxy,http://startupsgalaxy.com/en,Directory,Reference / Education,TRUE,TRUE,Low,24,-,25,-,-,12,27
Startup Stash,http://startupstash.com/add-listing/,Directory,Arts / Performing Arts,TRUE,TRUE,Low,47,"219,660",19168,United States,17.65%,23,38
Startup Tracker,http://startuptracker.io/home,Directory,Society / Law,TRUE,TRUE,Low,36,-,217,-,-,10,14
StartupWizz,http://startupwizz.com/submit-a-startup/,Directory,Society / People,FALSE,TRUE,Moderate,22,-,-,-,-,8,21
Startupxplore,http://startupxplore.com/,Service,Business / Financial Services,FALSE,FALSE,Moderate,55,"106,160",22840,Spain,30.22%,20,43
StartUs,http://startus.cc/,Directory,Health,TRUE,TRUE,Low,52,"116,080",-,United States,11.67%,16,47
State of Tech,http://stateoftech.net/advertise,Media,Recreation / Travel,FALSE,TRUE,Moderate,41,-,5364,-,-,18,34
Stripe Partners,http://stripe.com/partner-program,Service,Business / Financial Services,FALSE,FALSE,Hard,90,"28,450,000",1666173,United States,28.55%,86,69
SWD,http://submissionwebdirectory.com/submit.php,Directory,Reference / Education,TRUE,TRUE,Low,32,-,37,-,-,22,38
Taalk,http://taalk.com/submit-startup/,Media,Business / Business Services,FALSE,TRUE,Moderate,24,-,130,-,-,4,21
Tabscape,http://tapscape.com/submit-app-review/,App Reviews,Computers / Systems,FALSE,TRUE,Moderate,77,-,1380,-,-,41,40
TechCrunch,http://techcrunch.com/tips/,Media,Computers / News and Media,FALSE,TRUE,Hard,93,-,12774811,-,-,77,86
TechDirectory,http://techdirectory.io/get-listed,Directory,Computers / Internet / Web Design and Development,TRUE,TRUE,Low,56,"11,990",42,United States,55.38%,14,19
Tech Dirt,http://techdirt.com/submitstory.php,Media,Computers / News and Media,FALSE,TRUE,Moderate,80,-,44396,-,-,58,62
Techendo,http://techendo.com/beta,Directory,Computers / Software / Operating Systems,TRUE,TRUE,Low,33,-,163,-,-,15,35
TechHive,http://techhive.com/,Media,Computers / News and Media,FALSE,FALSE,Hard,85,"1,640,000",632732,United States,63.71%,42,57
Tech In Asia,http://techinasia.com/companies/create,Directory,Computers / Software / Internet,TRUE,TRUE,Low,88,-,352105,-,-,27,47
Tech Pluto,http://techpluto.com/submit-a-startup/,Media,Society / People,FALSE,TRUE,Low,43,"26,900",8098,United States,20.79%,16,42
Thatappshow,http://thatappshow.com/,Directory,Computers / Programming / Languages,TRUE,TRUE,Low,3,-,-,-,-,3,17
The Apple Google,http://theapplegoogle.com/,Media,Computers / Software / Marketing,FALSE,FALSE,Moderate,37,-,402,-,-,17,29
The iPhone App Review,http://theiphoneappreview.com/,Directory,Regional / Europe,FALSE,FALSE,Moderate,42,-,88,-,-,14,20
The Popular Apps,http://thepopularapps.com/submit-app/,App Reviews,Recreation / Travel,FALSE,TRUE,Low,24,-,549,-,-,17,28
The Startup INC,http://thestartupinc.com/,Directory,Health,FALSE,FALSE,Low,26,-,-,-,-,11,30
TSJ,http://thestartupjournal.com/submit/,Media,Computers / Software / Internet,FALSE,TRUE,Moderate,34,-,311,-,-,10,23
The Startup Pitch,http://thestartuppitch.com/post-a-pitch/,Directory,Society,FALSE,TRUE,Low,37,-,255,-,-,12,31
The Startup Videos,http://thestartupvideos.com/submit-startup-video/,Directory,Arts,TRUE,TRUE,Low,22,-,709,-,-,8,23
thetechmap.com,http://thetechmap.com/Account/Login,Directory,Sports / Volleyball,TRUE,TRUE,Low,30,-,449,-,-,7,37
Robin Good,http://tools.robingood.com/,Directory,Computers / Internet,TRUE,TRUE,Low,33,-,279,-,-,9,28
Tool Salad,http://toolsalad.com/submit/,Directory,Arts / Crafts,FALSE,TRUE,Moderate,18,-,-,-,-,6,16
Touch Arcade.com,http://toucharcade.com/,Gaming,Computers / Hardware,TRUE,TRUE,Low,85,"559,980",113252,United States,23.82%,58,60
Trendy Startups,http://trendystartups.com/register,Directory,Health,TRUE,TRUE,Low,20,-,23,-,-,4,13
Trust Pilot,http://trustpilot.com/,Directory,Recreation / Travel,TRUE,TRUE,Low,93,-,15732180,-,-,72,70
Trustradius,http://trustradius.com/,Directory,Computers / Software / Networking,TRUE,TRUE,Low,58,"875,300",262522,United States,31.80%,45,52
Uplabs,http://uplabs.com/,Service,Business / Marketing and Advertising,TRUE,TRUE,Low,59,"1,040,000",68013,India,11.00%,19,55
CrozDesk,http://vendor.crozdesk.com/user/signup,Directory,Computers / Programming / Languages,FALSE,TRUE,Low,45,-,-,-,-,23,40
Venture Beat,http://venturebeat.com/news-tips/,Media,Society / Activism,FALSE,TRUE,Hard,92,-,802661,-,-,50,76
VentureRadar,http://ventureradar.com/add_company,Directory,Business / Opportunities,TRUE,TRUE,Low,44,-,16601,-,-,15,33
VirtualMojito,http://virtualmojito.com/7f9d8353917043ad87d9651f93ea6247,Newsletter,Reference / Education,FALSE,FALSE,Low,12,-,-,-,-,3,15
W3 Catalog,http://w3catalog.com/submit.php,Directory,Recreation / Humor,TRUE,TRUE,Low,25,-,107,-,-,20,31
Web3Canvas,http://web3canvas.com/submit/,Media,Computers / Internet / Web Design and Development,FALSE,TRUE,Moderate,38,-,1224,-,-,19,39
Web App Rater,http://webapprater.com/submit-your-web-application-for-review-html,App Reviews,Sports / Cycling,FALSE,FALSE,Low,28,-,476,-,-,12,31
WebAppRater,http://webapprater.com/webapprater-free-app-review-2019,App Reviews,Sports / Cycling,FALSE,TRUE,Low,28,-,476,-,-,12,31
Web Design Inspiration,http://webdesign-inspiration.com/,Directory,Computers / Internet / Web Design and Development,TRUE,TRUE,Low,41,"165,730",43047,India,8.74%,51,40
WDN,http://webdesignernews.com/,Media,Computers / Graphics,TRUE,TRUE,Low,45,"55,230",1627,Nepal,16.78%,28,41
Webrazzi,http://webrazzi.com/en/startup-form/,Media,Business,FALSE,TRUE,Low,60,-,250978,-,-,47,50
Web Tools Weekly,http://webtoolsweekly.com/submit,Newsletter,Computers / Data Formats,FALSE,TRUE,Moderate,39,-,30,-,-,16,29
Webwide,http://webwide.io/forums/project-showcase.15/,Forum,Computers / Programming / Languages,TRUE,TRUE,Low,21,-,60,-,-,10,21
Webwiki,http://webwiki.com/,Directory,Computers / Programming / Languages,FALSE,TRUE,Low,50,"50,000",19213,United States,20.91%,28,43
Young Upstarts,http://youngupstarts.com/,Media,Computers / Internet / Domain Names,FALSE,TRUE,Hard,49,-,2227,-,-,22,45
younoodle.com,http://younoodle.com/,Other,Business / Construction and Maintenance,FALSE,TRUE,Hard,60,-,1038,-,-,32,39
YourStack,http://yourstack.com/,Directory,Computers / Internet / Web Design and Development,TRUE,TRUE,Low,31,"57,350",6096,United States,30.59%,18,34
Zumvu,http://zumvu.com/make-profile.zvx,Directory,Business / Industrial Goods and Services,TRUE,TRUE,Low,46,-,446,-,-,26,42
SaaS Growth Hacking,http://www.facebook.com/groups/SaaSgrowthhacking,Facebook,Computers / Internet / On The Web,TRUE,TRUE,Low,96,"25,061",n/a,n/a,n/a,99,90
SaaS Marketer,http://www.facebook.com/groups/saasmarketer,Facebook,Computers / Internet / On The Web,TRUE,TRUE,Low,96,"6,680",n/a,n/a,n/a,99,90
SaaS Products & Marketing,http://www.facebook.com/groups/saasproductsandmarketing,Facebook,Computers / Internet / On The Web,TRUE,TRUE,Low,96,"13,500",n/a,n/a,n/a,99,90
SaaS Founders and Execs,http://www.facebook.com/groups/saasfoundersnetwork,Facebook,Computers / Internet / On The Web,TRUE,TRUE,Low,96,"10,189",n/a,n/a,n/a,99,90
SaaS Breakthrough Marketing Community,http://www.facebook.com/groups/saasbreakthrough/,Facebook,Computers / Internet / On The Web,TRUE,TRUE,Low,96,"1,825",n/a,n/a,n/a,99,90
Badass Marketers & Founders (BAMF),http://www.facebook.com/groups/hackgrowth,Facebook,Computers / Internet / On The Web,TRUE,TRUE,Low,96,"5,800",n/a,n/a,n/a,99,90
Growth Marketers,http://www.facebook.com/groups/growthmarketers,Facebook,Computers / Internet / On The Web,TRUE,TRUE,Low,96,"25,200",n/a,n/a,n/a,99,90
VYPER Growth,http://www.facebook.com/groups/vypergrowth/,Facebook,Computers / Internet / On The Web,TRUE,TRUE,Low,96,"3,911",n/a,n/a,n/a,99,90
App Entrepreneurs and Marketers Group,http://www.facebook.com/groups/appentrepreneurs/,Facebook,Computers / Internet / On The Web,TRUE,TRUE,Low,96,"29,314",n/a,n/a,n/a,99,90
Traffic And Copy,http://www.facebook.com/groups/trafficandcopy,Facebook,Computers / Internet / On The Web,TRUE,TRUE,Low,96,"13,400",n/a,n/a,n/a,99,90
SaaS Lifetime Deals & Digital Marketing,https://www.facebook.com/groups/softwarelifetimedeal,Facebook,Computers / Internet / On The Web,TRUE,TRUE,Low,96,3200,,n/a,,99,99
ExoStartups,https://exostartups.com/submit-resources,Directory,Startups / Tools / Jobs,TRUE,TRUE,Low,,,,,,,
DevHunt,https://devhunt.org/,Directory,Computers / Internet / On the Web,TRUE,TRUE,Low,,,,,,,